{"current":{"page_width":"1200","favicon":"shopify:\/\/shop_images\/1.1.png","sections":{"announcement-bar":{"type":"announcement-bar","settings":{}},"header":{"type":"header","settings":{"logo":"shopify:\/\/shop_images\/1.1.png","logo_width":90,"logo_position":"middle-left","menu":"main-menu","show_line_separator":true,"enable_sticky_header":true}},"footer":{"type":"footer","blocks":{"footer-0":{"type":"link_list","settings":{"heading":"USEFUL LINKS","menu":"footer"}}},"block_order":["footer-0"],"settings":{"color_scheme":"background-1","newsletter_enable":true,"newsletter_heading":"Subscribe to our emails","show_social":false,"enable_country_selector":true,"enable_language_selector":true,"payment_enable":true}}},"content_for_index":[]}}