{"sections":{"image_banner":{"type":"image-banner","blocks":{"heading":{"type":"heading","settings":{"heading":"Wear Swag"}},"button":{"type":"buttons","settings":{"button_label_1":"Shop Now","button_link_1":"shopify:\/\/collections\/all","button_style_secondary_1":false,"button_label_2":"","button_link_2":"","button_style_secondary_2":false}}},"block_order":["heading","button"],"settings":{"image":"shopify:\/\/shop_images\/mensjoggingoutfitse1587740629202_1-1.jpg","desktop_text_box_position":"center","color_scheme":"background-1","stack_images_on_mobile":false,"adapt_height_first_image":true}},"featured_products":{"type":"featured-collection","settings":{"title":"New Arrivals","collection":"new-arrivals","products_to_show":4,"show_view_all":true,"swipe_on_mobile":false,"image_ratio":"square","show_secondary_image":false,"add_image_padding":true,"show_image_outline":false,"show_vendor":false}},"16290394763c6b18d0":{"type":"featured-blog","settings":{"heading":"Blog posts","blog":"news","post_limit":3,"show_image":true,"show_date":true,"show_author":false,"soft_background":false,"show_view_all":true}},"16290389627ffd3b74":{"type":"video","settings":{"heading":"What to Wear When Going to The Gym!","cover_image":"shopify:\/\/shop_images\/anastase-maragos-9dzWZQWZMdE-unsplash.jpg","video_url":"https:\/\/youtu.be\/XQp9krhzdXc","description":"What to Wear When Going to The Gym!","full_width":false}}},"order":["image_banner","featured_products","16290394763c6b18d0","16290389627ffd3b74"]}